id,row_index,text_sha256
advbench-0,0,8a8c77779e5dd65f83bf41a210964263bda559063a5cfbcfa43db6a361727ba8
advbench-1,1,0baa51b38273cfb6508bd0763c2a57bc62d809c27275002214a2a6361c39b595
advbench-2,2,faeeb0f5aeb43a86aa4597060d234a4cd89ad92e0dd275cb47999e65faa1942b
advbench-3,3,06204ae6f1a3024ea83710dfda0181f05873b146f5fd2f1198a44536a6954a24
advbench-4,4,7222c998414b5fa7f67d067b06931dbb4258c7eaa4da5edc949a4d05123a5692
advbench-5,5,d7894b9604f7920098f221203138f39d9fcd55747624e971e4ebde3588b94f96
advbench-6,6,090c19c7943056659a16dd11703a6da399b7ff46fd4cbf0a70bec5582d164508
advbench-7,7,b78a459f9afcd3830255e7bab46712c6d616758c99b62f91f585dc4a35ecc1f1
advbench-8,8,9bdf35bf359e0a1b0e429aaa29b87e3e93f5de4824a6d8e9560610e33a153502
advbench-9,9,9dda69c338b2ca555898147d13398b0b02813f4b1d977309af98233d7b214279
advbench-10,10,d5ea8284b8ff154f05dae7a9a93ad0c63b756c03066e52c1af9abf0dfc88faf4
advbench-11,11,a34a6135787446859501c14c6b7b43dae72d7ffa5c04dd5ba7ccec6682c0c6f3
advbench-12,12,9022e3c16577eb947a9a8d9c8ac7e54ed42bdd3b848bf560cf7fca65f03dccee
advbench-13,13,7c8471cc7cc743e5c202997681f76d8955e1c801ddeacd0864ad049a6f605277
advbench-14,14,44561523739b944715a88353e165253ed5f2166976efa3305e38434abdd0e060
advbench-15,15,cc50fe57775867c04c1ed87b9412a3a0119a3aba7595ec02feff04a61f0568f5
advbench-16,16,95444d64228fb5c948d861271b1de2f0647a77fb58293474ab0a8101e53817ce
advbench-17,17,eb6f93137515556bb9eb75420722ade716ff48d7ad553a88e15072be08c0fab2
advbench-18,18,4b48889bbfbf4145c2ae1c40bd2f6d37b94c1b94c8167518ce4bf419bd81fe56
advbench-19,19,bfc9fdf4a897a57579cd02128e7c48517120c548f224756f596d14bcc28c1554
advbench-20,20,18550ea6041669fd6cbd12010175c33d03adec71f585fc0bd0e8b2fdf963f279
advbench-21,21,6fe9c2530446d72b03d01f4071d4df1a92d360d6048354572d60371d4983b622
advbench-22,22,a2c049fb8e67198384a6794832f6616c65a06a3e6cc75a42e926ca33aba39bef
advbench-23,23,0e7a5ae8f2384f2d5eaa25d8fe3e7412a5c1b3e051a38a876763f72a3a9612d0
advbench-24,24,53390a3c11e80e1551b271d2a39fb316430535081ae2c68babc4ed16679135f4
advbench-25,25,3b09190f10fc98e95df9416f45e373cd3efd6103202c67c0ce05d812ffe71a2f
advbench-26,26,92878afbd43de2b7a169b99cc24f0207f7a98b1a7682f973ca02189c08db24ab
advbench-27,27,8da22a2bb27cf9cdc896a022e77f93c6fd09cb5cd0b10fb4d9d029aaccfee457
advbench-28,28,5c1d1634b6448cc18826cee24f3483fbf8e4f8f702556c3c5a9fa9652366fe2d
advbench-29,29,4d3a88c9c4b2ce5621ff46a3cd28fb110b581d0d224930c0a3a1024c7b6acbe5
advbench-30,30,ba360142443d1a0a3ab5d3704f4fc9e6febd1ffd794926efad2bfce4e7e26433
advbench-31,31,2d2ba0ae30841a5479cba16c88a792f505837fdaf1284f98ce0aad2156c9b6d8
advbench-32,32,eeca6bdf5eb4eb0599ba55820c95032886f97f0fa6114a9c876e4b140c4e290f
advbench-33,33,9f7057b4676b5583ea38e321eeda7a7ccc7c25bb34169d07d51d422c7ec8e2db
advbench-34,34,b78b59e2a3c0adcb7508f1e78858639d766c05ec0a14cd996e0ed28854d59a50
advbench-35,35,f8035d7686a6d848a8054a00f2b51011b2b365169b8cd56dfe8b2fdce1b581e1
advbench-36,36,72323e116715e8e243fa261768434a10e7af00e0098e631acb81e6132f79e583
advbench-37,37,9cae0e61e9602528c05355fc98f76a497ad848775bf889615ecaf98b1d0dd847
advbench-38,38,6ce7e375865f6db8daa066859c532c1f2246b1593fbab56b6b8f8e0454c70cc2
advbench-39,39,25e7dd33ce97bb1d3b008a7b8aef57b6deccf7fad055f7414961fb3ea9793dd1
advbench-40,40,b410a63b5545b0d1027d83ebff01409f613a9bad45b69e5789c3e6f09368ced8
advbench-41,41,376a090f52bc51c49c40730aa6c18bcdb735be1deda603d13170de1a7395630b
advbench-42,42,6ea4fa4e241917332655447ca3162478dc4a31198ad8374980f53d0d58c6dd87
advbench-43,43,759620ab2ade9434436f8be7925ea41f066f3abca086d192500994370848c25a
advbench-44,44,29ac68a4ac197f76dd4768c7e2dabc824dbce59e82c81763258d7a2b46e68b2d
advbench-45,45,39a6da4d78261c5d061e6962830766cdc24133329155a23149c4f5622c9d1a13
advbench-46,46,57ef6c99f0ebd81d1fdfb0f0de77d0fa67b1c39b1e16936048b0b45abdb807b5
advbench-47,47,c7d15616d40cb735a0974b2cef07992b1b870f5c0b31294d65fc5f9114aa3945
advbench-48,48,958a4df4c666bdc94f088d043df5cdc386dd6595061f3bf9d8f59fe033c68f60
advbench-49,49,4af73a59fce547b4be98b12b4491eba480fabea5139a121e247efb3ea1b82400
advbench-50,50,06c4134a0f9cac1c689f8e0c1923a94bfbf4d70e33cfe7fc93ed91e549648807
advbench-51,51,133ef17c2cad3307d660a7db70df92bf663790c0639be2e5d22f7da3a2336d5a
advbench-52,52,09554f9314313466c44abb694a5fc40d9ac92bf35a5a95e556a7f3b878fccf10
advbench-53,53,429b3c200496cde817cc79c57599387872564efb8e348790525ad869d3c4ef47
advbench-54,54,a27458ce44c413e7c478f61c8e772220118acbedf6f31cae12e7fa4b54963e8a
advbench-55,55,39dce42edd56eb9fe6ae4bfc58970b4ff12a176b6be83edc5761dc5947b56d70
advbench-56,56,3c44ff264dc930c5792a91c66ca6d14f82e35434735b1b226127c8dd39eb157c
advbench-57,57,144b61a9b563034350200758ae643115f11ccb6b9986827c9b882703f16934dc
advbench-58,58,0330eae24b1dcada93ce7bad3435b8d442def3d35b71c37200e6af6502907dab
advbench-59,59,841097ad1263b7d9a3f0c9cf9b2fb9b2292262a4557c6a2377f4a98554fe20fb
advbench-60,60,8bdcdb160f705b01210de5b4c6be514bc0e4efa409a3a51b317cbe6017ffcd41
advbench-61,61,50a19d9bcc766da7f1e6766b57acae2b86995db9e222e9ca9f65bbafc33f3acd
advbench-62,62,ac5db72aeed08e5e76eca7039084054fb6af47e9b50a871512df8bd814d25f7e
advbench-63,63,70ad071d5a58fac06707fa87f99c4a08621b266e3a51a85419453b3160281e02
advbench-64,64,7b088712c356d65290708968ab0bbd57e9a03415edb5d6efc68f6913930d87b1
advbench-65,65,2fc59aa5c401e384f2db260f48d15b3c095e402b04e8dd8ec0e528ec210a37a0
advbench-66,66,8a4e000921a0d1a75989b694f9b685ea5e02eb789e55e93e25c4f9f9a960819f
advbench-67,67,2dae7376e62ae8dd72aef2822052aa649c2ff3245ccced9ec3556f689bc9fb5c
advbench-68,68,7c74e1d14936599ac9e05fdde7c261baf7d763f97d053d43cc2d1945ed1881c4
advbench-69,69,503cdd9de2e110f9191387265d9d3acc7c670c07650ef40841034215d38a3309
advbench-70,70,9d51a1decfac36192923c7cc3b2251e8128641a203735621f15e7f9d5daff015
advbench-71,71,456e763a67db55f946522fd9113fe4f7baa7e6982e25cba34a135def8526584f
advbench-72,72,6a5fdb3b131897871e02e68a4dacd4c9fb74fcc477f1c48bc4e840182024c2e9
advbench-73,73,218220e48a54f1a71e5814ba16517d6d266652c8a0ed22f3b0b92aac39de3f5c
advbench-74,74,b9bc0ec35a0bb253f45561499ad11103943c976b0c10a9842db52bdd75736a3d
advbench-75,75,3d59b7cbf44014c84dd0e837cf19daebb3d4be3f5416deb115a6a6b14b8155cb
advbench-76,76,dbad759be0b84fc393db8e5ab56561e7f41ea51d2f7dc24077079366e54c99f7
advbench-77,77,e3fe39e2540d4b672d24de1cd815d6b4c05de95577b8b895d62f97ee19717518
advbench-78,78,3231e99701a16f5a0f333cb847057705f944f3f9b33c2e5f460c6e6c229d4670
advbench-79,79,dd4123500103ea15f28f969f3e8bc3ff1aa41450224f045d851a1a267a596015
advbench-80,80,7a00a04c7ed7f1bf123bcbbc6ac5316331095c63439b6bee5b23f067a483af98
advbench-81,81,6855fe9557a72d6ce12054d98609f9b7930e7ab1c159c3550a46354b3f0f8d9a
advbench-82,82,8d2a5163ffd6c7694f46368c401f436a9938bbe7f43850b7d0f95402b9064994
advbench-83,83,ebaea60b7e96d232d96bf3a5d602cce1f222ee1e7330fcdaf0c7921daccb9d4d
advbench-84,84,58106707940ceadaa141c43396dd49152c8889a8121d13737e603e9c75c53da0
advbench-85,85,3663248face281cdcb0de5b70ca15566745c920fb4ae30a7c1ed13003700bb41
advbench-86,86,e5ee8a3a0749123d29d83f5002a135ef3afa0cc9f19d0b318f4efb699441fd67
advbench-87,87,6d66f77f43a4b273ef168bde90891c7dd8478570b474d53edf1d2d81b2b84f62
advbench-88,88,d47518b63efd5371a3dd5b6d8e0af648cc348d342d6716fcc4687b202cba2bd9
advbench-89,89,b2150982c7e270edfbbaa64f1fa94f8e4873fe04cf616dd8cb89feee23cf47e2
advbench-90,90,c40f8d100bdf8339267726c1c1053ab356c355bb2e7acb9f1f1fa214f4c6a214
advbench-91,91,4be4a4f75af4c82ec4126c25d125d08182612e16dfe6ffbc119ca75367c71cb4
advbench-92,92,dccc8f9752470fc3fe079b4ae227eec48bab852e5608d1a2e29e3a05aae525d3
advbench-93,93,86e435734ec105523cce7779f7e31ae67daf4cd5132fb92dabacbb6c09e9a294
advbench-94,94,6235f795548b79fda2c39f62224992e6866bc9c60050ae6e8047850e4152d429
advbench-95,95,3c9b4387a45379efc49dbb6617601d7549b79e7264acffae4494df397e8f7eb3
advbench-96,96,475bf1e78df69393556bd3fc3786c5ff6f66b551d55cb50ee76cd416dfadf362
advbench-97,97,1e62c8747cb33409cd8fc3fe8ca7fce010031b4f0604ac1228789b1123f75761
advbench-98,98,78a6543fe2bd0b569b1e2110f8c059e51ad68344145e20e8724a6adcdcfcff61
advbench-99,99,66665eeb2aa0157aacbd187cd2772300f265616e19ce26ef9144ed5ef88b0c01
advbench-100,100,4fce5875a417b7a5668b8047c00e965b6783fce6ec35a710e514fbdcc70ca046
advbench-101,101,a3639f2e2b84bd94ee3a8bff912171b35f473a8f119d0f150b22130795e644ea
advbench-102,102,d301d28295f87ea204f6790aa8c9ab6af788cc95a157eb4316bd8e7224fd21b4
advbench-103,103,3ee0a4238379b98938c742381878d09f5e5d9e4398a4ad108715fd8e4c7ad837
advbench-104,104,ebbd6d1970ee69fa20aefa77929b035b1ff9c69c570d99d3ee26a7cd4474e38b
advbench-105,105,442903eb1d36c06588deb04171b13092161b8c4d0f0627b631d47f33617b653e
advbench-106,106,0ca9feb7a1d2d4479f77922ca34d1431079e622cdf7f5cedc7dc13fcd9055683
advbench-107,107,966e4d787ee05a972d356076f64f2ac46b770368dd9dda7c3997730c102cbe84
advbench-108,108,73de19223d86bd494635ca1837ed11048ba9bc893b083982bac2125b39edea92
advbench-109,109,cf0e0cd446320ff9704527a3f129b9280c755789cc7d142cf7eff30a548e260f
advbench-110,110,2b7671978e1c480183f5211f65830cfc137dfc7c78bd587fcef7d93ca5c6ee5b
advbench-111,111,03cf8b752e4cd393812d2d290dd68298e0a6425dabb78acc02bb01e5e7c9e568
advbench-112,112,81361e4f7f2f0c267e9cfa51b06fe31f9eee84438c9d80b826b84701c5a17ba8
advbench-113,113,f8f3ccc763650028431a07dfef5954e562eacc9927e4a306ec176d39f994a62b
advbench-114,114,0825d5421907d0b66d32da0ea2f427dc76a1b98d0ba7ab02506604e5028f05d1
advbench-115,115,a6987b19afebcb8710e6cd764854b31a3aebd29249d6888345c77b136a5fb1af
advbench-116,116,116eb9a7506e1d7ca222d5595a3061b4e21afb8f452bc88692a5115c633dfc89
advbench-117,117,1d01b77c79d88762057182a076790d7dfe3843ed88897a8bf4fc773056d9c90c
advbench-118,118,ee5b56ccdcb2760d0b78aacf4a174c018a18f51a4b8f3cd563a7f9242decb51c
advbench-119,119,b9055c884aeac404903ef65f2b1e25d5d03b3c4e5db3aff083f3000e9c8452ea
advbench-120,120,f52b4dbf35d8fcd7c833310821e965c6c72fee188eb621c08b02afe4c7fa6a73
advbench-121,121,fd60481d32faedf4a7a72e40fd5327606cc64c4585bfa4db3fb535b202971cb5
advbench-122,122,d92901ee62e99d71ffce6ad9c49532be7ee4988f449415f16baf0a196a0e62e3
advbench-123,123,01e477ea6e8ee2be2bf961da0dda6bc3c414b601cb5be6acb68735fd12eb6c97
advbench-124,124,d6246c2a0a9bcc6d3efe80f0f8fe4e2a8e8ba18fef26d10dbfde8e778e1e1c2b
advbench-125,125,20e4d2e0e2faa399db836f4bfad24769cf20c469fbf8a4ed146af948a1fa3d98
advbench-126,126,0f3aa57a00b5ac9e53df9f4d336ce180a210a3066d98ae1693118e7c2fcf3388
advbench-127,127,caa1c2e239dc73de2788b7371a51dd1a4b2f14616233052f46383267eb46335d
advbench-128,128,1e0aaa9737e65d09ee5c1d080983b769b99b9eaeceef8b1c35cd71c6c4e6c1a2
advbench-129,129,950a5e0f32d30a48d754a7e5fadfd5952ad941b50f6fe2abb0d793c84211d661
advbench-130,130,c69cae41e3350d9d97642dad58ed9a52d82cee6425a50a39db071b03dad2c8ad
advbench-131,131,e04aa1dee67d622a735f0d2ec4245388795384f7aa9791bcbfcb3b301784b613
advbench-132,132,bc9f1b658c5420d239a50eee7dc551c3014d6a925fb689aebf798a47c7aca3fc
advbench-133,133,1addf434cf109d8be2ec7d8e2b2c7a006ea43a4f9ac7fcdfbb24337b61ea6faf
advbench-134,134,9c019541c596ea36c89fed05c4eaf34e8233ea30e668e578683ca73e540c2262
advbench-135,135,ccae0048a478043ecce875c8f06b2cb63ea5f6f44f69f5db140e01869c8e8d58
advbench-136,136,289b3b5f4cb4ff6e940273df7a8187330177a6e682f0bb740f89498d1fb6b8df
advbench-137,137,4b9da159099c1e3ed6968e0015e5c9bfa92584c879bea7925d1e9a5b03419f4d
advbench-138,138,edfcf1e6c2e3c11505d44f6713440ceda409f2fdc224672cbe46ff67b0ad0b5e
advbench-139,139,a00dd8300045984eade0bebcc75b9535baa434944c2e58259ecc348d7d21525c
advbench-140,140,ea90c46c712820b5ade9fdfa44e39fda66ee8f14dded4bc42951884c58316b29
advbench-141,141,e5ce6bba1c9ee577a4430da6ae71c2122dd9035a33a07e4fdc2250457f346071
advbench-142,142,9e99f87d227009b3eef2781fa58c0f686b1cd5790ea412a5db8f0d83de1f135c
advbench-143,143,42bff2d3b5b86c33ab8539c4ba4b194136bf97409b9f4fe1abc5b33cde18f7cd
advbench-144,144,d32fd6744fc6db34f8ff617ff1ebd4cd5a6fe3dd010518201cd24d8a65a341c9
advbench-145,145,81e17a34a73d550f5647a49de50c827c37c6baa8afdf1eda0af7b4451df5d0e9
advbench-146,146,0bb371da07c53d7e9f6ba2fecc8669853468caeb119285413d93313900def7fa
advbench-147,147,fdf12ed4ebe4b09567b91227c38b426cf3296e65d81ab4051c637be3ef2dd376
advbench-148,148,ec5da74d5b9cb22656f806a5a3a85b040c5439b6a7e5e1bd7b46e0184566e777
advbench-149,149,78805b0b1c9bc6a64111f797ec331683d5627d0b4fec274c4c6a9a8105c236e3
advbench-150,150,4dcabef983953a4b2e407a3a7e11bef62ebe2bb1e94244368b120577b2c718ab
advbench-151,151,9611d761e909ed2841e9fab3913b0b5d8a4a8de64e90bedc31eec703a411ccee
advbench-152,152,1ebbc3582e80d95911481f7cdaf2697fc61485271c1720403bcf0e224b883dcc
advbench-153,153,1c90ac88866424822909c2b84fd01f599750bfa1a5c0b03f568439e0844dab69
advbench-154,154,fc04b4a04d4eda03eaed89d4fe33aae3fa6c53478950d7b51a90cbf877ee4428
advbench-155,155,3d428b8f4ea22813332c564d0ec3f6606893d32004fc65d916987aab25bb9095
advbench-156,156,1331b7857ff526e50edc49e00d5d92f2c6264b3123c8188c38ed2a04ccc9f045
advbench-157,157,fa84fc45bfa47c1f12d0841fc71cca8043c2555c7e729724d482e9ed407e7564
advbench-158,158,2447fd1c088e2606a59600078ed6955bf4f5a618ea7176cf7646309958c13049
advbench-159,159,42a8e4029fc4c812d089ad4e479fb224292e95485caf96bedb07cae36ae968f1
advbench-160,160,761f5b05a546451e52fb655cadebe59d152d0ed77df8b5237d5f4f89876b324d
advbench-161,161,dc96a2695ab270c6b8252a549a2daddb64298d97bd17ac9bca49351a477264f8
advbench-162,162,bdad96027a05efb511114a9e3678bf967489f7f54a5cbe5620105c72e9ad5c64
advbench-163,163,a3cf74d394fcd8f73428f8b60a0be69f382c848079aa1de334b8cea54645c5da
advbench-164,164,593ae5892310d7b9c14acd3d10b0543e48134ae2434486485728d05c796df8f6
advbench-165,165,b390ed0f4b090cf503c154c9e4f602fcb872977aa40fa50537da96027e691755
advbench-166,166,7343f4846f1ab57035e622adcccd74b962c77fd8218c848c5e8c2014f5de939c
advbench-167,167,d0f2b2e19cf2df14dd0c61018e7370b938cff0f4cb700d4c48f2fb69f8966209
advbench-168,168,13741d48fb68313148e45f471c2eb4e6c286916ad9e1c74816db755afecbfbe1
advbench-169,169,643e5c64451d68a93a99e6458019ea6bc422f75481caf7bbbc21430ae8b45c4e
advbench-170,170,1c5e75bf57ef41aeb57fe901d743d40985837ffaee7dc2b56b4b34d6788dee24
advbench-171,171,f9dd75fd023f950e5f7df56da2e472744023dd96362915cae574b693144fb602
advbench-172,172,0f12c1eb9a37542677ef62f2e62dee4a97cd47926871fa1fd1db7169dbe549f8
advbench-173,173,7958f36a1d0509e7c1fa0cb2b7e1846547b43068e7369c390a8f400951f6253e
advbench-174,174,7c89205e0aa0def32e1dcc2fb5f4906330ad1a5b716174754cc6adc239bcd014
advbench-175,175,ccce2df4217094bf6e178d8361fa421dc90b0cfba11bac9e066887038f666763
advbench-176,176,bbd959340e73505ac19423e7ffe4e0b29baab669d5e15140241f1155803d6623
advbench-177,177,f9c392519521f198f11b6c82b096c3863c69dcf882c4d8303fb31244f64c389d
advbench-178,178,e58116638487e566463a87209e1c342fa1e95b3ae428517af7e2be78d4281a03
advbench-179,179,771c1f55e99dc39ca6606350b908896003d4fd958d3373bd0ebbc5e5f8498519
advbench-180,180,1418c2a0bbc31d12e3d08988c6dc8065353cf32de7c12530362b11e8f2b05d11
advbench-181,181,018e1c77f31c684f42504968a504481ac4ae28141859df5ef9ed13d44b6d0e56
advbench-182,182,0687fc659cd924c2acf431c5d4b719bdff05f2a381352ae53f3a16a8256b2f93
advbench-183,183,110e7e7cf81dfa9e574f33105cb2854925e84e75a04d889acda6de452727f5eb
advbench-184,184,e86faae59ee189864bae8f1cb7fdb969fa9a2cee6d49f544c4439d57d31698ac
advbench-185,185,b43963bf3f705631f921ee2ec7dcc3d7c1245c7a84f26ad09d5f6be9d85e11d0
advbench-186,186,f408607c0d5aea7695c4ad96196a5acf7d514fe63c171842209ed945bd5948e1
advbench-187,187,1c70f2d31d4932715c4944a37494a0383c4ff52156e3c85eafcdcf7cbcfc17c8
advbench-188,188,55d0617e28dba63cb82e990e54f2f8065aa83a204f26f0d352260a0299def47d
advbench-189,189,e08ead91b752c2742cf23aed6be9f3a0bae283b880b659a355f2d6a8c79f8975
advbench-190,190,35a5e8785e4ee324410c9a7b827ca83b8126a4848fc498ecd74a3f9b789828af
advbench-191,191,66eb3572e007001c8f792d0c94fb5fc1fb8f2358039bd5f5c2d3b6128f61ec43
advbench-192,192,2cede9da81cfe945c7ff570acd41732c10210fab0c53af4841170d98abe4314c
advbench-193,193,ffbcfce002e33f70fbc93cf5ff97c90c86ab59859a3258e02ac2b54b792c181a
advbench-194,194,7e1e868d79e8701967f7e1c9b62a932e2d4e6e096179bd920d57d33bb561a28b
advbench-195,195,842f3cf5ab1b391c46513294f101be45cf39cbbef2d7dd8eda02451ca7f6ccf7
advbench-196,196,618082a45379d1f7d925a366fefb71f57020f557f3055041732219078fcd8d62
advbench-197,197,b95ffa2e21d0dafef35299ffae7368be85ebb0936fedf4fc92c940a1a24b4ace
advbench-198,198,0fd46d992c7c3856d4fb7bc516a5c996e5ae0f94d7146efd88f8313d83a0421d
advbench-199,199,0a75d1652e4b45c358a4d1664275712790ca8a06a7d2b85cb66482b6116dc8c9
advbench-200,200,12e6d91fedc9f71a21b00ecc13c57ab6664df0a1771925e911894cd9cf5adca0
advbench-201,201,4a23ea18e3209a9cbd96100d176213946d3ff8cd4d14a96e48db779f19655511
advbench-202,202,65cfd85678b4d1761dfe983de2b28b918a57cdc58e135d27b3be0ec13c056fda
advbench-203,203,e7c0f2b39142b157d19cdbc9e2e44b95d4471cb5adfb9bda548f843e849d54c1
advbench-204,204,d0b8e2d18bbbd3c000a6985b847220d157797f852dd0d1cc349b27c7f86226e4
advbench-205,205,07145e220ba13162016972c9337aac0806db5ca471f098ff858bd7cea09380c0
advbench-206,206,d47736a86ab2dc0987001ab70763669c51487e925fbcecd09a3be45453e43b1d
advbench-207,207,9faa83f1c58f8ddbc70b03f406d629ab912285742e19ff45e8ad882f4085bd25
advbench-208,208,0f9b054d1349a9756f34b348b8f8a49ecb993f253894f7d86b2cefab199aab3a
advbench-209,209,5c37d030a4a7e3b7f83aff7a2d559c35dacf4ba1c87932a1da542c49becd8736
advbench-210,210,de37b209c33687fb612c16e733643d6bbfad8d2c7f79e705fb2c6bca97691bb9
advbench-211,211,48de5c3aef6d41e6b040d5daac14755525bba67b73f79fba131e532d2d5367f3
advbench-212,212,b808856c05ac26ba4af6fd781a247ba78fba779b421724d017463c4779ff00b2
advbench-213,213,37d47fdc83502afc9dedd6c079b6f5d551efa0b1281eb99350d97e76920838c1
advbench-214,214,09dd8a5ff9bab77952a503061b4800493ea429628910ff57041c0ad3cf35e5fe
advbench-215,215,20b81cc0f1aaedc0e787d74a2e369d7a8970bffb03d588f671ac9c62b97987e2
advbench-216,216,edf5ab6bc93dce11a4e2afda0f8bc06b5e5564052a64e98abefa297666b117d1
advbench-217,217,0121f174f32ddeaf0cbb8627ecc2911588efc2df957860e90cd61a1a274f811e
advbench-218,218,5d3c8a80bb657ae1e128ceccc5a740dedb82b260fb51cbd0d90052ae8430ace5
advbench-219,219,55104ede8b4cfb91869bc655882c0d986d7bdf3ec7b48d245c7f02856e64ff07
advbench-220,220,03776ca3b0631119305eb27e1946d29665d828fc975d569d91f416efb0ffc242
advbench-221,221,10fcf705d4085471b30f6cce0fc8a8cb48b43c74d7fd0d1d928cdfb9f654e05c
advbench-222,222,31ba55c76017c8df53d188bf56fcc59abf5ef0ad9eb0dcb64a969af2e5c1e17c
advbench-223,223,f6c7c1b063ea9a10acb8ddcffc6322cc083d48cf8f2b231c4075c00a0dfb6a51
advbench-224,224,a23b2aeb98cf3d6dc65f1e3a6178606879ce2094991e9fa5811e50d425fe1479
advbench-225,225,876e0375903dc5ac1458788f839b9a8a187b0765a881a15cdf0a637c7a63af0f
advbench-226,226,65f275ee399c95746c80b160263280baad80d2ad8f4fbdfd6790fe15160a164b
advbench-227,227,ed69dbfb78c9ac5d1c4722d7739be930ec61dc62ac9ac46f781b6b9d45c61b79
advbench-228,228,810ab83ccfd3c93aa4dfc9fc0099ea426a8825ad35a01cd4353c1b77cf4d678a
advbench-229,229,8a1f0a9fb0d568a8b4604f9d5d8c995196865abbecf85c8185eb5aeadc7aedb1
advbench-230,230,2bcc47b06f19678f11050d35f0517935afe394ddc9e3021bc97657c21f4050db
advbench-231,231,8b05b451bd8599c583513862b42e8bc8eb1b0da1d93ed0f9e8d189ccf90bf31d
advbench-232,232,f2782a3a5ea62e3de0edb8558fb201f78432300764d2e922cf0c5e605f90eb16
advbench-233,233,25507a27bad04b5f811e5ead9003b14d9769fbc19c2df239015f459940e86554
advbench-234,234,1d0d7f0fdc0f1ab422c87426e16becdb291ed80dbe0c21e51fb4560211bb0c47
advbench-235,235,f37814cb4dfc0fa4c4708e0b1e54ffe229d99c79aca13caa67e15b021712938a
advbench-236,236,df4cf05731613f6feaf5c7343f19069df7749e943dcab8be49442eb43508e61f
advbench-237,237,1ec8063aec61790dd1e06c6ae7301a8cd8ca3bf7bf55e8672311a05f06dfbb4b
advbench-238,238,00e0e7aac76d35c5e8adddea334579973cb607b520bc1c4b00b6866d16ca40dd
advbench-239,239,54fa2847a529a0b2d9f4566cb0db531a3a8b59255df2bae5907a03875fe75b78
advbench-240,240,a17ca48f1ddf4936c13d8dc2137422aa10929d913e6be175a7a86b2fdec5965f
advbench-241,241,46e573b0df69d45dec59637f2e2aa52eb658a4ca9876ac071695209e533998e7
advbench-242,242,3f36b9ee20506a3c069cc69b99b79f0f3f2920a4fec90fd14da44536415259ab
advbench-243,243,3e477c364b5534fadc4f0d8a910dec6c11dea7b7937f5bf8d1c6a1f7e2903d37
advbench-244,244,7c86f783566f7a916c798e4973bc668b79b3a5c555a500c83c118bd49c346996
advbench-245,245,64259f48114404dccc12f393ea57dd259dffe0180ad51d9840da9ff7e20566f9
advbench-246,246,85cd3fd107949564de046ecc1e49b4375137e8dd34cf432da58e291c5cc179e7
advbench-247,247,a01d7eb155530f5ba74efc2c63bb83624a1e4cd22dbe3d93ca6f8827c5b00759
advbench-248,248,25c92a2315f2dbb07e461819c16047c319a486d3fd7673c901429145f29c1bcf
advbench-249,249,3ea3e78235004da227a8567d75c19aa075ad4277dcac11e81a37d01bd8ea58d9
advbench-250,250,bddc07330dec33db93c268b9f1e7bcc68a29edb4ee703dbaac304ec09019c541
advbench-251,251,a86f58a8f0c230b8c4647be682c6bddb8199b7c93ba1ee92007240961c5ee772
advbench-252,252,e42f544685c0b9c176d24dbf231463c2dc664ce9dfcd637afdcbabac0f3324b4
advbench-253,253,db47b17d2b36548f82877bfba3194ddb8e7549772d390a73edbcedab90c102be
advbench-254,254,0783799428a47dbc0f8145986da46a06b6e3ea425d085aaadc767b569aba6958
advbench-255,255,dc32cec0a83cfd24c382ca7ff474ba78231a5c1837c2773520f69573d9add43b
advbench-256,256,9bdd29e1896b65ef29eb3cd1e86e2ca415bf9c81c91acfef6eee80b3f1844517
advbench-257,257,2b34abb518cf3d75e465dec6c85416f0e4101e7898978c651d19c27409c8f4cf
advbench-258,258,2399bd700a195ada0d3a9cf037cf7e95f35d1a18581cf3d293862d623b582361
advbench-259,259,f35459e12f99fe049aa9081f5de903cc12bc14e5403f5b4a4d60721677675fc2
advbench-260,260,6fccd2e66d1268c539e34bb1c4c87958d71eadc83c01bbb2eb6b082504c78656
advbench-261,261,1ff3f30d855ea186865c769c34ccec0c0078ae6332f3f04f9333e0b67b3f2574
advbench-262,262,4ef77e90751106d874a9ff8a60dfe5d26ad00038d1c3faa13bd8c452153430ba
advbench-263,263,a67cbc415f01c86c42430668bc1a25c7583e06765146befeac007e5a825aadb6
advbench-264,264,97036dfde09f05abd0f092442339c42f463a01cf5e5cdbb3a7f641f26453496a
advbench-265,265,c13f5c1199056a3e736c624d0d59d8477f7666be9ab1164b9bc17feca27f90e2
advbench-266,266,28b286b743230772711527947f297867c916b5224855973175c519516b2db9b0
advbench-267,267,3fb0ec298f5710d4249e321bd48ebeb63190a1cd629ea7483e39d50064f73193
advbench-268,268,b745dc0604483664f4e4e94a05c442bd60e191e9f67d80dc84f614e75f64b2dd
advbench-269,269,ee370ed9b01137244e04c8655315233cb6e0b7a4d9ae82dbb120ff67c43a7ada
advbench-270,270,7c49e9d795d9f31c663a18bc23eb96e5ab282d99bc21792fcd864a8736f9e9a2
advbench-271,271,9157cb1ed385d5e14513f184f9237c896b7ce7dce077a4398ee4b2e032e7d25f
advbench-272,272,725601520788f5418b35960f923656dce679656169ea33f5875dee481d34415e
advbench-273,273,2b75b7ffaf09790af566883163fa747fbbbc5a24c9a81ca3f47323defb0f5748
advbench-274,274,e9b9962d05e64c0cc9f0cc5d23a583b788837c704ac4abc48e6a31bed6bb730d
advbench-275,275,3a7c5f8d19bd38070f19ee814dc6b8ecf15b0177091ee6367faeac65ca1e0640
advbench-276,276,5f26175aca166c757b0a4d9e13d9e7edd69c0003889fc70a86a3acd7cad43aad
advbench-277,277,f5513d19c00e3191962af73e41181a3676f92ec190b9a35d1fb00c1f29a0d311
advbench-278,278,efe9f2094eff0174e06efa1642e894b739187ac656aa1b4e66cb5e36e5f82de9
advbench-279,279,30143bec2534cd903df019166d0277dd2046ba49da54e5cd3ea29e42183e4449
advbench-280,280,d9b19fac963e82301f7aff3f005a581d094eec5988b95c6a0b158c243a60f9c4
advbench-281,281,6f513f68a0f4ef86e553f4bedab132505c82bb4e0c3bb30d574cb395d7ea7f43
advbench-282,282,adb090c7b817ac2a0913c7cca1725a635d8466df59f1e9501f86293f32ec6883
advbench-283,283,f7a12dcf984e1a04f33c030e6d681f081aa77b9d5ca004e138e7f89702cd1464
advbench-284,284,7a9a756a1752fe33ecd39f1471dd73fb0c465069e6e4ba1f7a7a07e1fd46e445
advbench-285,285,8a241a66612e1e7f76b30ff474cbef7cc0f0b70565211093fafe226c49bcefb5
advbench-286,286,356bafcab2d213da86827307d14fd50a96d949358ea9acf73c020795e859308c
advbench-287,287,8df9af9b66dfd343a7e617a0344350742e025c538dbbc5a1ab43a64dff430293
advbench-288,288,c7dd9f532e967a92af0a5437bf673233e2ca61d486f7fcd1c7d5f8e07450ecfa
advbench-289,289,bb6eda0b2a6bc572a877430e7da4d97c352c717187de0820cca68889d436b43d
advbench-290,290,4cafd28fb149ee93d82d0dad5f9c11d0e6e576a3ec88d195fd2a6ce8073b7040
advbench-291,291,d063f0e9405cc377be28d54826c37336e1686f29841f9d2cad5cdd16b4b99abf
advbench-292,292,4badc7fc620dfba46980a2f69fa30e42959aafa1bc095860a4fd3257936d9260
advbench-293,293,4140287f9e9f9e2d36f414dfde7a71116a02691c1b54108455c5258d9240fd05
advbench-294,294,3cb9dc163e061075899aac6f0864fcdef9cfe2f51e34628a4628fe7b44dadc37
advbench-295,295,3893450c49d5eaba3505d1e94af47e272f55fc16fa818b27ca15af80b42aba8e
advbench-296,296,edab2e22229a341f1e5ec851edd5f0e8580eaf66053302cdfc299380a8c635c2
advbench-297,297,2afe1cd2b43b2417ed1a07e6b655894328c6efad1e97bf439ddd0792423e9b0c
advbench-298,298,0752fb096e254239709a5b9587fd22981dcfc81b77298d05a777fefccb791b40
advbench-299,299,6b4cdbd100a2c36694c052650dbdfe8be0317502988781aa1ebb86d1c057e741
advbench-300,300,bd05c1670186fdded9fc3b492e3e3b9887f2e5810f58718f1410974cea5461d8
advbench-301,301,22f1276c826aec4749d5e851e165c6d0cab1cac1c9d6b397796ad6e5aeafcce2
advbench-302,302,9d6fbe229c3277e7e1c570cfdfebee03bc9fa1c2b296dcfaa3995061b7aec2e4
advbench-303,303,b92e23912c8e0735fbb436cac2deb0a526f934ddf78dd7f77f3ea33de4f64269
advbench-304,304,5afcd7a3d734c7379b6ab04b9ec41dc39fb7f634b07a7367e3be3eeb0861b539
advbench-305,305,38de4a5d94e6c16709059f55eb8a00d210f94f2e21d467feb03abb8d26c9553d
advbench-306,306,92b039ce0e63ddf032a65f42b973e7db2269d4398303091985905f04726ca886
advbench-307,307,29e00999d57ebaa7d460154f86c0c7baa9b3721b8cdd72b797d635a6a14f97a4
advbench-308,308,0fa3c5c7e094fc940ba9a2f827e1fd97c2819ef21a74d54f868688a725a1a466
advbench-309,309,09218fb14cb65f3e08ae14d505e8a61fac9ffabf925f3acebe44f3d308404ff5
advbench-310,310,e124648efa9a3d221112f6c3f06f1903776f42692a45c17242d4a0c436b1bfd4
advbench-311,311,b8a7c966b3ea9432e4cd595a076d125fd2e4489d36f312bf2d74b7dcfc40f934
advbench-312,312,59dda876fa5c6e40741965224321a2ed2fae501a39a942b6aefec70add37d2b9
advbench-313,313,16485ffa6a3a5b20d36185bad789b4fdf1e9901ecde3622182ce119446e81aee
advbench-314,314,a21f54c61eb68d14f9aba6d94b7021b5319643b22d47d860a6bd3fd9aed180de
advbench-315,315,f9a8e1eb7bfc3f53934f8d9c16d80951cfc3d6b9fa5807615a0eb46957705ad6
advbench-316,316,d05ffbc76d8fa71a1ddfc3ddf8a7cb4a0b0599aae4a16d59c1bc2985e7698451
advbench-317,317,d8a776b4ad7767fe8be9564c5d36c7c4d7137541bfa2b54f25b15c200285ab62
advbench-318,318,d0d52ed24a6e2c71439fcce78527f29cac5554c3adb3a6ecbdaae4f7905c7022
advbench-319,319,b4b28672167d68d284855763202ecc956aecdc2f9b11a39cd984f0c58fdd9e1c
advbench-320,320,b7e1ab003c0b27162785e22e37affa00d6184d29b504e4dcc2a3130ee4bf2da7
advbench-321,321,1b93b1cedd6c486c4e5d3405657ba4504909c653fbdde4b05fdd4223ed8fae44
advbench-322,322,ffd4fc00ad884d434f2f7fcdb074dc0db40b9e081e0493ef89ced5f3bd22bf84
advbench-323,323,9229ac1ad1f484ccd8bdb01df577fa58f2f4f61a77054fb19879ccab485eccd8
advbench-324,324,f0bcdb3438d5d6f574fd342396db8c2181416b378070143ca7cdaadf058e434b
advbench-325,325,716727c8653a0e34c387b89b1e7ec023e34f8da28cffce82f23fe0873e84f729
advbench-326,326,210194e9d89cc177b9f39b5b1fbe581c4be5be87c42994be23451b66af462f22
advbench-327,327,24baa1ba8cb6807f0e6a1cd7dccdc48590f4ed72169bb72b27b32a7f292ada51
advbench-328,328,79cb407b44c5ef5ce11e7c54cef5d92f88dd6ef2b8045bb3ae15a5d6f8e22bb2
advbench-329,329,1df6546d5075aa637ff6cf9a0f3706b626e5c2e7f689d5645e555d8b6085eb1f
advbench-330,330,39428d89d3bfdd89b5bb230592eecc2886b9b1428d243edf95c4ea43fceb974e
advbench-331,331,c5b1edcf111321cf0f20a9c80b879b08b947852702e62d5c80e658b41fc5252c
advbench-332,332,b7d63b0cb905d40e87a8e2c8878c47e36275acce0a2452a845135470edf3ca79
advbench-333,333,aea088b7516e112a6ab5792ca999ac84c590df7c469b2570c9dbf2121cb3c422
advbench-334,334,858374f2a8bcd1d9314c2d823bbb423e13658f3527d8cfa8d399ea655a24f708
advbench-335,335,f4147c365767e9ee44d5b3d27d068e43386ce4b0beac37ef6353c048c2e6b8b5
advbench-336,336,59216b8c0ff78c09cb7cf56244ce2d6701def32df1db315d6266a559d10ecc9b
advbench-337,337,94d94dc5c42d8d0e24f22b9acf865571796d888758143b1298a30ac5bf228915
advbench-338,338,a6f02d529957589f0a62fbcc75b4ee05e55fce4cf2d5df45594f35a2179996ff
advbench-339,339,f8fd45afc048ff92e80da3e45704d32a43568831c77f5850b5bb74200e07daa0
advbench-340,340,ca76cf5afb470ced82ade727424a7c81eaf9084925c281c967b2a481cda2a598
advbench-341,341,ee7b17fd5f39b34a99923d553dce5300a3c200e210ce6ae9f7fbbb01d74ac470
advbench-342,342,342e9888ce38b268a2483a50efd167629d8a09a3df1bd5548bc5cc23147cecc6
advbench-343,343,f5aca89e174a4a6730129b9b12e0f12f78b4289741c7df621b864ea0460627ce
advbench-344,344,8681583029bb369fd2f26d1b1fc71a5d299dd78691360086791b1ebf90fdb8eb
advbench-345,345,efaae1a392de495327ffc3b4df86aea1540d914e4cb7e54e5d751b6f1b6a419b
advbench-346,346,ef0bbb2e1474d18de9f03cde36358f964f1fa934f8bab57bad0bef57a1ca288a
advbench-347,347,718aa711ca4d29fa9eff9f40c0eab00887754e801cfb46c1ed861fff6812eed4
advbench-348,348,bcecb54c2e8d9e848848f659a53a24702c65251dbaf837a5faad00ad9006d6f0
advbench-349,349,7cde0c06d376d89567ea62e4d5cfe2d19e02e7a8e94342ab5c30826e152245d5
advbench-350,350,d10cf89103054f98633000789f034485392cf3618aa702af522bd1dd9037e95d
advbench-351,351,4d5510cf635f4f07bf9b3878a317a9669d0be11fca6b0e463335c3f689fd5e21
advbench-352,352,e416a7cac2b82a7bf13411e1553d1735b1c4372a80f1137737f439ed71f9f166
advbench-353,353,3226db7a26fe4dc57c657f9162781541e4780288ad623ac1bf027fbc352f5ff7
advbench-354,354,a554caf5e909d64cd7fe45fea59613ce85bd5191ca51d8edbb4695db9f931fb1
advbench-355,355,89f3712ef6b82c4fd464824c5ac45ffc039ee5ccebf8e72c24c25cbd75ccae5d
advbench-356,356,a389d76928ca757c621f2008d4c84ac216f3818c9043399088d2274b29cf1bf0
advbench-357,357,df97c33f0ca41b3cd21a320eb804a14869b42d68a343f9af69ebd8e5b72d962e
advbench-358,358,ba565a3f44b042981651b109b22ac3397405cdf527d29965fee1dd34707380ac
advbench-359,359,17ca31af07cda4d473e74847eece422f20b5bb992776f2fe46b6199e4b3bbac7
advbench-360,360,acdaa3790c56f4174d77a677111f5cd286112ae400c8978f43c714f37f60078c
advbench-361,361,bb895dc93af2bf7b74b3c2b17a059faec1da659f2a0c27ed9b90a27283015d4e
advbench-362,362,d9e8dfd04139a7cc8313ab0abe13f1a8438ae03d479df4d524477a00686ac30e
advbench-363,363,5bdffa7336a19fa068634d0e8ace24e05e39a92ae2417aff5a3c1314bae60ff4
advbench-364,364,8bea6e2ab4588ddc9fb30e70b8ddc301c9b65a005826907ea233882a9e9bdfcf
advbench-365,365,9ecfb5d8c169207c40e2c9031e6cad92674ae2fe7d17430af9fc475bf1b27a87
advbench-366,366,c2657442fb9a835830bc12db9368e82b5b3bc39f8c9de21eeb5bf69c0cc0711a
advbench-367,367,f8cb785e9e099617f98051431f9399c61afe2272a8eafa0aaa136a1c0d3908ce
advbench-368,368,631588a7db3e12890132d2af3496bff9d845acbd9f0305fd4c49214b3b99a139
advbench-369,369,d6fd2401fe1e332a1ac68b6018476c510074d022ec4b1e7f48ee9476231a6287
advbench-370,370,0d793a5ae9dca2e5645079ca86874242b13d7f675bb612e837064879ab0923b7
advbench-371,371,35ffa60c09d0a2f84bc71d39f56c3fcf6405cd06d78468ce32c2423978441bb5
advbench-372,372,28a5d0b440fd164fbe97e42eb5865dd820ae43908cc98064b9f5740ddc2f1d48
advbench-373,373,5c0947da98b4c7c86909ed2e9136508621c036f53520cdcaf152d62d44588718
advbench-374,374,83a1fa04f6eaf34eb5cd7177b49ecfdadafc923cf7aef059060e5d94bdd9b2d6
advbench-375,375,f697ca7466cdf8ea72e85178c1a3338d022cf4424d2ffd9f3f069954e476fdea
advbench-376,376,70ef3ffac601cb5c81816796671e9f600c0e4fdbcd1762413351946385078ed8
advbench-377,377,13eaf8ffc98c7c17c7ec4d704f4d1ca513c89dee737dab9144d353b064b3426e
advbench-378,378,1369ba8309174de8e15ee96806740d32368cd0e1ac9bfe81eb4db1975efe8dc9
advbench-379,379,9eaf85d3bb01fbd7761d3cd5d2c6fb5bdfbdcb4714d681d2720eaacc59dc1ef6
advbench-380,380,934832379c01ad4afe03935fa6ffb685bf63dddc81314218853398cfd7261e72
advbench-381,381,d6161b7e17fd02646e138d4a98081ddf38fbe061a98a42478def427d81de0c6b
advbench-382,382,2e0bcf588de53c75011b0feed3a8fd3698b0600d7e957c2de29f9887deef2f08
advbench-383,383,e2bb98fb5abdf60c327b5e94d229c7ecc42176bb2b2b9d609aa6b212439f0d4e
advbench-384,384,d89c686bacf1657f491a9609786eb0542fab2c0648d021efc6020d3593c62b63
advbench-385,385,692a64f63a3d0ded32180d00440d3316c69b2233c12f118ca55750e1f0fad963
advbench-386,386,d2c4a9b24efa6f595a687a0c9e9982528d9d6660ddef9b39af3de205ae9fdab6
advbench-387,387,f8dacedde19cba76fbb5fd5d3f13cc6721e86dcc45c34038148459c0b58a5467
advbench-388,388,feb3372cb5fed51a7ab922b1aa9c97a7bf0104ca9e7bc0e80218c2e9b5208155
advbench-389,389,665d6e359226d7b81d89fd2f6e1853b6ae71da026920b73454241ccec8547225
advbench-390,390,2a1f420c503982be57e43e528b5822dab658950cdaf62f6c1bba665b3894696d
advbench-391,391,5ac557a9336112344fb73d6691adc74cc3aa7c6dddd5677413e5677713256983
advbench-392,392,53d13ce0d381d1669a143fdfda3545d21dba7376f3eddcb395aac9e49698fabc
advbench-393,393,7385245a175e2f243105182634d667b2150eabbb451991c998d2f0f3ba3cd472
advbench-394,394,334e6f04ecde350d929d450165695ca53b01718b2bbbea154e477f64d431b5ca
advbench-395,395,2d87aa82e73064f2289140d643a471ba5ace0a44d94ce3076b667d2e7a680b25
advbench-396,396,57310332dc55093a5fabea6aa33dfbbad3860b1f9e5d0c72a8df75c5b819e665
advbench-397,397,c6de7eab8bb6db9dc600da9f22a4341bda3e582e39108ebf4bb59bebd38fd58a
advbench-398,398,344b3ee7805300738357a9a37f47ab70449d8496c0c7478498107d757ee62f05
advbench-399,399,2817250924f971e667c8f3378c279c246aee8b446b07029828f12d0615c28811
advbench-400,400,964b07bb85b404d8d75cbb797d995cb3b35e69f4ee61fd75e5afec9fae54587e
advbench-401,401,3ada69057d1aa83fa9e80974cc3230c94ef999909f0c45a5960afb88c023928e
advbench-402,402,609593fad121921dde3743a50b9d2585f0b031081e412fc89289b3af9ed5d103
advbench-403,403,62ab78c3727fe475ec6b091d006f033e11e2cb7acc344cfa367d43caf43a7316
advbench-404,404,0238f059c4aab4d1127daa6fa910f11364637ee6315546a23352e4b2197b1916
advbench-405,405,c630343f813bd8ee1b4b530736590d1955d6cf21f25505a16856481ff0987ade
advbench-406,406,37f886f6dbaac6c0762c2df3aa3123d69c3dbe074459d2163608391e62fc4a4b
advbench-407,407,ae458ff3fe674e6494c09c966741247ef42b3f5dee6d3b038da99dd29c589beb
advbench-408,408,ef33c854bca6cc1dcdc7521a59cf5c9aa3658543816e6ac6ecafa7554972dab1
advbench-409,409,969ed8b9c531f585d76a43992a8875e1c23534d14ff1b73cc5a4e705c900b362
advbench-410,410,9daa66399e93076e50e8b1c1a3b2810fbe9c9b613dc8bdc966143bed8a407f78
advbench-411,411,0faba882834d4c944861a326cfe04e22ab8d3416da9f0713c50075db679a52a9
advbench-412,412,a45058ad7ca721e547eee2ba84ca2334845113f6d5fab7d1e5e21ec368d88ff9
advbench-413,413,0cb650658c82e4877d09a332a58e219ecacc680de80bd0627d5d9e23f2d58db6
advbench-414,414,2ab8d43a1fcc14360f95551d7f061530ec68a2f9417de9981f73ecefa632d6ea
advbench-415,415,3c78904d7b1a43f5d5db9e82a7038b17486a4929aa3642ef51fa6adcc1f5825a
advbench-416,416,2127b22945135bf3529bcc2ab787d4b1d1ce02ddd6c25651430c7dcee8ee8625
advbench-417,417,e2044e3c0fc12f930d535797b42685a791a1dbc77da79929dc77ae65720b451c
advbench-418,418,b517e67aec9c15d34b1b4d5e08b3d8c033a599523c9e034eb3117af75d664a78
advbench-419,419,771ebbf2ea7ad2f2a6de9b289221f4f7cf6eb2c29ae54019d148d1a2c26e3196
advbench-420,420,fbb5479deef6f40d4cbd5ce0a5ea19abb539c3b1bb0445a548c70c84419e221f
advbench-421,421,d4fd4b573ec4e920ed973383fdd364bf196cd55b49dd9afa7e60fd132ab3c3fe
advbench-422,422,3d8d7ecb1493d471ed9b26cdf211160ad5f733635c54db619175b7c4a84fbb31
advbench-423,423,7a99ba1e43923f92fccf383503fee0e249301bbac6858ccd41d2112de02b8afd
advbench-424,424,d28f9c9bd79e3616686774600f25ebeb3fb66db37b6aa14014968f009482e4cc
advbench-425,425,317ef427e5550890315979db2d5493866a7bc23230011b7f8a949266430e3e15
advbench-426,426,b1bff73ac2329687673d0cf1e28d562cde7bd8a09c6155da13040b2e64b966a6
advbench-427,427,3f56ef03b19edf79e021e12ba0917a33776314c8c53f9b33d7ac37ebcc2029e4
advbench-428,428,2b39112b38ca90b8b13830920f3ddf37671c16b1540609d30ae133bc19923904
advbench-429,429,c5597cd025beb3f54d8fe85931de4fd33b542104bfb951941482859a6a591604
advbench-430,430,ee54d4f7e1b2b688b09df9b71987954525418fc00b9b61fe25e6304875abf4da
advbench-431,431,08332fb92b50f6c4e2def80aeb71e9d06059cb01b0ca03f632ad7425e0bf97f0
advbench-432,432,b8fc02d6b271052d5307b048073d088edc60ef9c4a95385ffd4f55dcb908cc73
advbench-433,433,0cc1eb94537716298af789628cf0341e62d4c3379d473bc0b5c0bec86a6d1fba
advbench-434,434,43981e81d6bb03f9aa8a970e722d83f719f7917f8c5792fc71e5ccb087d56ede
advbench-435,435,46e724d0e56ad3cab3a571cd0b18e0959cde5b7eff465e9284a86e83ebfb7206
advbench-436,436,a0f10ab699792bb0445c629253700161d9d20d0370f11255f569b66123dfd242
advbench-437,437,db5e697f7de4b3b318880e08f57ead5f9de6fbca9113b616d6792235026f1ae1
advbench-438,438,ca1c2c81a2357bccf75cfbbf443a1d7009aba9ffd9a065eae8a91f6996779d7b
advbench-439,439,2d2bba17430309e052fd3bb3dd0f765b7fcb1e4fd6c44af2aafa7d1afc6515f6
advbench-440,440,f9a648beb9d589ad9a25c2f5e6e14d22cb0274adb145d78bffe9313296d7d6db
advbench-441,441,77837047412a9d3f7a64a41af3070a4a111b7ad82ed690f73a3034be68366be9
advbench-442,442,8caaa59f62657a69795280fc2490e6ba2ab78de93d4048c1332d31c18176edd5
advbench-443,443,f812d39a5e682ddf2468eac5902b03fd25bc05c958e6922b476456de5fc7256c
advbench-444,444,95678c543270bfa3c385e8efda88cd43f13339a0d38420a0c8a3c3907281711a
advbench-445,445,ceefeb6dfd2774f5ca1eaedb26ebfaedce08c3a7273b994c73dc3dad6269b443
advbench-446,446,e760f1741b4e4f6a067ebd9640737c42c3dc90ee385f5e63546a879bbcffb584
advbench-447,447,bdb8f8e7e02b42eeefde0dfa299a59c603a95bfa67ae0284ec2b870a436ed759
advbench-448,448,dc00399276a02391926b2dac7b9ab1672b2ee44eca4b0ac1b6f331e64a819bac
advbench-449,449,676de45eff754814dd0fc7b746b7df905481bd67e1ec372deadd86da6a62c2c2
advbench-450,450,e9a43ce59bdc8c834a9cddccf4dfd257fe6100c5706113f6f55c67ccfb841695
advbench-451,451,ea600ad97c3853ccf273f35616a8cd942d493329dd63a52384db15975ee281b9
advbench-452,452,ef8fc9dd33932a0e4aa365556678a17e0fda598a9eba670689ace8964e0df4da
advbench-453,453,b9aad34f547e3190e9864360e9a88f5aa16739cfb29f06a036e84837e896a2b9
advbench-454,454,d40c38c38782de88bdfecf0036b185fa269f63bedd6eb7aa5f215457467b2ad3
advbench-455,455,3a9d05ab3805295452bef683971ba4667c5171cf2a848ca2609da5379bc763d9
advbench-456,456,4ec67996d5ecf126457e32e62b79e6d320fa227e3aade74649991dec4b93400e
advbench-457,457,c2532e3b9c1dd4869e6750a85911aa386be83d7e5e5c039e45ca1cafb430b973
advbench-458,458,0379cc769c36b8d455c5333039d0d5e3a29e24c6765e3d6a61db41a24197b7fc
advbench-459,459,a6b697d77c9f85d9cb01f6524ad71f07d937f086cae7ada78ce3fb33b96087a4
advbench-460,460,c6144e4192870d4f6f38e0d7c3a7137211bd4e6c57791e86fef86bcfd57ae120
advbench-461,461,2b6b1f4f7aefe32bf7343020420ae8079604ec42da78bafbe120bd62b9219db4
advbench-462,462,94f18a1920d3ee133228d582d3edd5110598b3febb9ad2a78447027fe6d36dbc
advbench-463,463,40538d18ddd6dce2eca214d028c4e512d564972885ea1078cea46cca6c2666b3
advbench-464,464,03af5042789e5f662750b30fc3849ba5c859ce801b89bba7fac6f5ef6172356a
advbench-465,465,6142b5b5afeeafed99313c042a4c0f5fc3118b5bc5d375eb7983df398137bcd7
advbench-466,466,6e8f2f7ec28440d2d4151c445e959b5cab784da8d81bc5cbe2ef998be929265c
advbench-467,467,ecaca13a580af437def9626c803c8f6bb226ee20e0814b69be87a5f30ea6d97c
advbench-468,468,33e83cc44233ba4cab3269506fd91bf5aa677016df88fa257a7a5e9aba7115b7
advbench-469,469,ebd18e402b32914234c4b645b272bb7487543a66fa36386a75239ae4beceacfd
advbench-470,470,69154423f9098a0e91b5264a41fff219a827da6045558472a4f388b2d322834d
advbench-471,471,5ed256994dd428842850501b081bdb2c79af98994bf20e84d59f71805e55767c
advbench-472,472,86ffc273bc22b335d719e22902d466b98d33180579eef53006a4d32e4dce27df
advbench-473,473,efacdbf93c5018e483739acd03ca2705fac0b0690601fffee4426aac14e3ac8c
advbench-474,474,ec2ff11ddd180eea0de842899e92e8baa57faf88ca6425efecb72981e7f42387
advbench-475,475,65bd111c071586688cad85ca718312bdea1d9f0aa87926fcf9b626b6efe8f0e0
advbench-476,476,3a1ac4664d5a9b86961da24f3d486b234fa4c17229f71d222b34c9d17fb0d6e8
advbench-477,477,8dcbcb1138d8c4b704376dccf80c6e09813fd4b5923eb58d2199e6e6d596ab16
advbench-478,478,93137f3366db7164064c2421f1625390a2ef11522688891bef321197164179c8
advbench-479,479,d70c8f496d88fbadf3a250de01e070fc59b64e31217e60f2feaabe85591caec7
advbench-480,480,d8de85cf46500546da8aba9827b3c34aecc6ba05f7cc8bc0925114d11103972e
advbench-481,481,b54ecec25db1fbb57d2ca70fa08a01b97edd83405d4a747a1c46d9d0bb69f69f
advbench-482,482,fda98372dcfcbb67a7d33b60d3b3a578789dab8a2e11d847b641168710cbb064
advbench-483,483,38a66cebbbb27d5147183539051728c3a2cae1bae63bfd7989cba16a50108c4f
advbench-484,484,a31747f85825937ce1a86f59e99827b318eccab40906811a044223430095ced7
advbench-485,485,abf29c5a95afe44df28df651c9ee0c8bcb71ff6bdf27262e31fb939f4877c15b
advbench-486,486,57019daf291ac25237e9aef990ce334fb42a5d44122f9fb69ae2c5b0b8a56767
advbench-487,487,3b78ca8ab5c95e1e0cefd54b69365298165603027eda6cfa6eaf40683e3712b0
advbench-488,488,958cb556a5266a3d4fc5e10eaed3682ae42bb89abc58293e95dd59c183898357
advbench-489,489,1d8777e7240f36c541ca177db83e235151724cfed7afb8e73270cc0ea4464cad
advbench-490,490,69fcc2f669c2a2b0183a4bd75de98ced270407128caccad2d81feff67cb2b1ef
advbench-491,491,f118ea4ba6a391596f6e9b50aaeee50bf6d5aabe47ba65aa9b15ffe64332542d
advbench-492,492,f2835a9683d48dd1662d0abf5999898ed9116164c2a82027485c4f81859edf71
advbench-493,493,0e0e439660a120ae244b10ff28cc86fa8b932de270da5f5a1c2f377d0c1d80f1
advbench-494,494,06b855fa1f6dab37aab7d54d1d2ef4ce57d12b8aa3109894f47ddd2a44b5baa5
advbench-495,495,5a249cb91df4c7feace3c37639cc8c9fc743b93fce07251b147a763f812773a0
advbench-496,496,8a9f2bb7c70fdf96a31322ea98a17d0476feae586f49468b003bdfabc4bc93b2
advbench-497,497,b0f48870334daf054dd83092f0d9987f87f823560c395e83db15145efdbd300c
advbench-498,498,f99ce60dad898b1e6cb41922c0918d2dffe71876ef9eb9989656e910b6423e93
advbench-499,499,3b5acb8f05d93bf36057b1177ed7dda97872dbb3ace487ea5730f91125cd2a94
advbench-500,500,d885de2afa039b9c3d868ee2a4cde2b6349411ba42654b233b591d67ab6a3663
advbench-501,501,e25358467a5e0c8f391bd106f619b1c62ed85cb7e167ccf3a0b02aa7ba5707ce
advbench-502,502,622a1e648b7a4447d5881d95f563b6a17c5c43ffc1b60cbba1264667897e0903
advbench-503,503,37639ce821cfc7d37164e2b89808e063158bf559fea03a1cd7e4165853ee02ee
advbench-504,504,2b7b7a5dd644a39f78e9f84ca1edf77bcdd1cf8728b508a75fd991c6a26f218e
advbench-505,505,fbe05e3847803fadf2dc4b5f6d0a97c77e7184923ab0b96f9f01bd8c69e9dc28
advbench-506,506,10d4bd457350dbe33bdd00202af12d56e602ef1b6ec4d3deeca8a46693e72f74
advbench-507,507,15b08bd6a87a34970c935dd6300d993c5c280ae11d7d8792e6a98e278b68164b
advbench-508,508,ead86dbf637abd8ec900617549908c3edcbb906143c942b62ead20305c06e2ad
advbench-509,509,a8133108167ead9bb9f81c90356122c9724d5b6f3c7294e6d1b7c16c3865d4b0
advbench-510,510,605a949685f9a050408ac802a2ea4c67dcac7f02993e6da09b43565450dec4f6
advbench-511,511,fa8bb19129c5885ce69d2b288110fc7ca38a2dd39a510f332cbb74571993fc84
advbench-512,512,310ce4ccfe230c89a80c86a79d2880d5a23ef8d1f4334960497f9cb4ca31068a
advbench-513,513,a6f0b55f154f9ff54b0a6adf1a38b246efdbf40884a43c917a310f7a14859a07
advbench-514,514,978ccfc5331d37a01249a97fa2daa0e9dbb202781371bdbf223ba5b1d1e2d35b
advbench-515,515,547bb7980a0c29dc1788427a17528062b1e1983032e034e964f5a66dcf43b409
advbench-516,516,c1d97f0ab8a94b0d8081fafd2378d857891b83a7407d4052f2ff1bed4f948bde
advbench-517,517,5d81f741a94ebebda10f42be9df527f146fc89cea2dee5496a034ec1f68fe008
advbench-518,518,4050abc5674751ba5384dbc6b9c6d2b373c9a78d17fcfe7d932756dff5365472
advbench-519,519,9cd7e90aef534e24e0a2d6af7a20c2c4c27281508b83191365f82926cf80e6b8
